﻿"측정소 코드","측정소 이름","측정소 주소","표시 순서","공인코드"
"101","종로구","종로구 종로35가길 19 (종로5.6가동 주민센터)","1","111123"
"102","중구","중구 덕수궁길 15 (시청서소문별관 3동)","2","111121"
"103","용산구","용산구 한남대로 136 (서울특별시중부기술교육원)","3","111131"
"104","은평구","은평구 진흥로 215 (한국환경산업기술원)","4","111181"
"105","서대문구","서대문구 세검정로4길 32 (홍제3동 주민센터)","5","111191"
"106","마포구","마포구 포은로6길 10 (망원1동 주민센터)","6","111201"
"107","성동구","성동구 뚝섬로3길 18 (성수1가1동 주민센터)","7","111142"
"108","광진구","광진구 광나루로 571 (구의아리수정수센터 내)","8","111141"
"109","동대문구","동대문구 천호대로13길 43 (용두초등학교)","9","111152"
"110","중랑구","중랑구 용마산로 369 (건강가정지원센터)","10","111151"
"111","성북구","성북구 삼양로2길 70 (길음2동 주민센터)","11","111161"
"112","강북구","강북구 삼양로 139길 49 (우이동 주민센터)","12","111291"
"113","도봉구","도봉구 시루봉로2길 34 (쌍문동청소년문화의집)","13","111171"
"114","노원구","노원구 상계로23길 17 (원터행복발전소)","14","111311"
"115","양천구","양천구 중앙로 52길 56 (신정4동 문화센터)","15","111301"
"116","강서구","강서로45다길 71 (화곡3동 푸른들청소년도서관)","16","111212"
"117","구로구","구로구 가마산로 27길 45 (구로고등학교)","17","111221"
"118","금천구","금천구 금하로21길 20 (시흥5동 주민센터)","18","111281"
"119","영등포구","영등포구 양산로23길 11 (당산1동 주민센터)","19","111231"
"120","동작구","동작구 사당로16아길 6 (사당4동 주민센터)","20","111241"
"121","관악구","관악구 신림동길 14 (신림동 주민센터)","21","111251"
"122","서초구","서초구 신반포로15길 16 (반포2동 주민센터)","22","111262"
"123","강남구","강남구 학동로 426 (강남구청 별관1동)","23","111261"
"124","송파구","송파구 백제고분로 236 (삼전동 주민센터)","24","111273"
"125","강동구","강동구 구천면로 42길 59 (천호1동 주민센터)","25","111274"
"126","남산","용산구 남산공원길 103 (서울타워 별관 2층)","26","555552"
"127","북한산","강북구 삼양로 181길 387(우이령 전경대 위)","27","555553"
"128","관악산","경기도 과천시 자하동길 64 (관악산 중계소)","28","555554"
"129","궁동","구로구 부일로17길 158-4 (궁동데이케어센터)","29","555550"
"130","세곡","강남구 밤고개로 337 (세곡 사거리)","30","555556"
"131","행주","고양시 덕양구 행주산성로 93-96(행주양수장)","31","555555"
"132","용인풍하","경기도 용인시 처인구 모현면 왕산리 산 89","32","555557"
"141","이동차1","","44",""
"142","이동차2","","43",""
"143","이동차3","","42",""
"144","이동차4","","41",""
"145","이동차5","","40",""
"146","이동차6","","39",""
"181","마포아트센터","마포구 대흥로20길 28 (마포아트센터)","45",""
"182","올림픽공원","송파구 올림픽로 424 (올림픽공원내 시사편찬위원회)","46",""
"183","서울숲","성동구 서울숲7길 (서울숲 방문자센터 옆)","47",""
"184","서대문자연사박물관","서울특별시 서대문구 연희동 5-58","48",""